Workbook

Sheet Sheet1
A1: TCs Name | B1: Platform | C1: Priority | D1: Release | E1: Result | F1: Automated
A2: Product Summary - Savings Accounts List | B2: WEB | C2: {=_xlfn.LET(_xlpm.name1,LOWER(TRIM(SUBSTITUTE(A2,"_"," "))),_xlpm.platform1,LOWER(TRIM(B2)),_xlpm.name2,LOWER(TRIM(SUBSTITUTE(_xlfn.TEXTBEFORE(Sheet2!$A$2:$A$1000,"["),"_"," "))),_xlpm.platform2,LOWER(TRIM(Sheet2!$B$2:$B$1000)),_xlfn.XLOOKUP(_xlpm.name1&"|"&_xlpm.platform1,_xlpm.name2&"|"&_xlpm.platform2,Sheet2!$C$2:$C$1000,""))} -> High | D2: Release12_1 | E2: PASSED | F2: Automated
A3: Product Summary - Savings Accounts List | B3: iOS | C3: {=_xlfn.LET(_xlpm.name1,LOWER(TRIM(SUBSTITUTE(A3,"_"," "))),_xlpm.platform1,LOWER(TRIM(B3)),_xlpm.name2,LOWER(TRIM(SUBSTITUTE(_xlfn.TEXTBEFORE(Sheet2!$A$2:$A$1000,"["),"_"," "))),_xlpm.platform2,LOWER(TRIM(Sheet2!$B$2:$B$1000)),_xlfn.XLOOKUP(_xlpm.name1&"|"&_xlpm.platform1,_xlpm.name2&"|"&_xlpm.platform2,Sheet2!$C$2:$C$1000,""))} -> High | D3: Release12_1 | E3: PASSED | F3: Automated
A4: Product Summary - Savings Accounts List | B4: Android | C4: {=_xlfn.LET(_xlpm.name1,LOWER(TRIM(SUBSTITUTE(A4,"_"," "))),_xlpm.platform1,LOWER(TRIM(B4)),_xlpm.name2,LOWER(TRIM(SUBSTITUTE(_xlfn.TEXTBEFORE(Sheet2!$A$2:$A$1000,"["),"_"," "))),_xlpm.platform2,LOWER(TRIM(Sheet2!$B$2:$B$1000)),_xlfn.XLOOKUP(_xlpm.name1&"|"&_xlpm.platform1,_xlpm.name2&"|"&_xlpm.platform2,Sheet2!$C$2:$C$1000,""))} -> High | D4: Release12_1 | E4: PASSED | F4: Automated
A5: Term Deposits Accounts - Details | B5: WEB | C5: {=_xlfn.LET(_xlpm.name1,LOWER(TRIM(SUBSTITUTE(A5,"_"," "))),_xlpm.platform1,LOWER(TRIM(B5)),_xlpm.name2,LOWER(TRIM(SUBSTITUTE(_xlfn.TEXTBEFORE(Sheet2!$A$2:$A$1000,"["),"_"," "))),_xlpm.platform2,LOWER(TRIM(Sheet2!$B$2:$B$1000)),_xlfn.XLOOKUP(_xlpm.name1&"|"&_xlpm.platform1,_xlpm.name2&"|"&_xlpm.platform2,Sheet2!$C$2:$C$1000,""))} -> High | D5: Release12_1 | E5: PASSED | F5: Automated
A6: Term Deposits Accounts - Details - Financial Details | B6: WEB | C6: {=_xlfn.LET(_xlpm.name1,LOWER(TRIM(SUBSTITUTE(A6,"_"," "))),_xlpm.platform1,LOWER(TRIM(B6)),_xlpm.name2,LOWER(TRIM(SUBSTITUTE(_xlfn.TEXTBEFORE(Sheet2!$A$2:$A$1000,"["),"_"," "))),_xlpm.platform2,LOWER(TRIM(Sheet2!$B$2:$B$1000)),_xlfn.XLOOKUP(_xlpm.name1&"|"&_xlpm.platform1,_xlpm.name2&"|"&_xlpm.platform2,Sheet2!$C$2:$C$1000,""))} -> Critical | D6: Release12_1 | E6: PASSED | F6: Automated
A7: Term Deposits Accounts - Details - Account Details | B7: WEB | C7: {=_xlfn.LET(_xlpm.name1,LOWER(TRIM(SUBSTITUTE(A7,"_"," "))),_xlpm.platform1,LOWER(TRIM(B7)),_xlpm.name2,LOWER(TRIM(SUBSTITUTE(_xlfn.TEXTBEFORE(Sheet2!$A$2:$A$1000,"["),"_"," "))),_xlpm.platform2,LOWER(TRIM(Sheet2!$B$2:$B$1000)),_xlfn.XLOOKUP(_xlpm.name1&"|"&_xlpm.platform1,_xlpm.name2&"|"&_xlpm.platform2,Sheet2!$C$2:$C$1000,""))} -> Critical | D7: Release12_1 | E7: PASSED | F7: Automated
A8: Term Deposits Accounts - Details | B8: iOS | C8: {=_xlfn.LET(_xlpm.name1,LOWER(TRIM(SUBSTITUTE(A8,"_"," "))),_xlpm.platform1,LOWER(TRIM(B8)),_xlpm.name2,LOWER(TRIM(SUBSTITUTE(_xlfn.TEXTBEFORE(Sheet2!$A$2:$A$1000,"["),"_"," "))),_xlpm.platform2,LOWER(TRIM(Sheet2!$B$2:$B$1000)),_xlfn.XLOOKUP(_xlpm.name1&"|"&_xlpm.platform1,_xlpm.name2&"|"&_xlpm.platform2,Sheet2!$C$2:$C$1000,""))} -> High | D8: Release12_1 | E8: FAILED | F8: Not Automated
A9: Term Deposits Accounts - Details - Financial Details | B9: iOS | C9: {=_xlfn.LET(_xlpm.name1,LOWER(TRIM(SUBSTITUTE(A9,"_"," "))),_xlpm.platform1,LOWER(TRIM(B9)),_xlpm.name2,LOWER(TRIM(SUBSTITUTE(_xlfn.TEXTBEFORE(Sheet2!$A$2:$A$1000,"["),"_"," "))),_xlpm.platform2,LOWER(TRIM(Sheet2!$B$2:$B$1000)),_xlfn.XLOOKUP(_xlpm.name1&"|"&_xlpm.platform1,_xlpm.name2&"|"&_xlpm.platform2,Sheet2!$C$2:$C$1000,""))} -> Critical | D9: Release12_1 | E9: FAILED | F9: Not Automated
A10: Term Deposits Accounts - Details - Account Details | B10: iOS | C10: {=_xlfn.LET(_xlpm.name1,LOWER(TRIM(SUBSTITUTE(A10,"_"," "))),_xlpm.platform1,LOWER(TRIM(B10)),_xlpm.name2,LOWER(TRIM(SUBSTITUTE(_xlfn.TEXTBEFORE(Sheet2!$A$2:$A$1000,"["),"_"," "))),_xlpm.platform2,LOWER(TRIM(Sheet2!$B$2:$B$1000)),_xlfn.XLOOKUP(_xlpm.name1&"|"&_xlpm.platform1,_xlpm.name2&"|"&_xlpm.platform2,Sheet2!$C$2:$C$1000,""))} -> Critical | D10: Release12_1 | E10: PASSED | F10: Automated
A11: Term Deposits Accounts - Details | B11: Android | C11: {=_xlfn.LET(_xlpm.name1,LOWER(TRIM(SUBSTITUTE(A11,"_"," "))),_xlpm.platform1,LOWER(TRIM(B11)),_xlpm.name2,LOWER(TRIM(SUBSTITUTE(_xlfn.TEXTBEFORE(Sheet2!$A$2:$A$1000,"["),"_"," "))),_xlpm.platform2,LOWER(TRIM(Sheet2!$B$2:$B$1000)),_xlfn.XLOOKUP(_xlpm.name1&"|"&_xlpm.platform1,_xlpm.name2&"|"&_xlpm.platform2,Sheet2!$C$2:$C$1000,""))} -> High | D11: Release12_1 | E11: PASSED | F11: Automated
A12: Term Deposits Accounts - Details - Financial Details | B12: Android | C12: {=_xlfn.LET(_xlpm.name1,LOWER(TRIM(SUBSTITUTE(A12,"_"," "))),_xlpm.platform1,LOWER(TRIM(B12)),_xlpm.name2,LOWER(TRIM(SUBSTITUTE(_xlfn.TEXTBEFORE(Sheet2!$A$2:$A$1000,"["),"_"," "))),_xlpm.platform2,LOWER(TRIM(Sheet2!$B$2:$B$1000)),_xlfn.XLOOKUP(_xlpm.name1&"|"&_xlpm.platform1,_xlpm.name2&"|"&_xlpm.platform2,Sheet2!$C$2:$C$1000,""))} -> Critical | D12: Release12_1 | E12: FAILED | F12: Not Automated
A13: Term Deposits Accounts - Details - Account Details | B13: Android | C13: {=_xlfn.LET(_xlpm.name1,LOWER(TRIM(SUBSTITUTE(A13,"_"," "))),_xlpm.platform1,LOWER(TRIM(B13)),_xlpm.name2,LOWER(TRIM(SUBSTITUTE(_xlfn.TEXTBEFORE(Sheet2!$A$2:$A$1000,"["),"_"," "))),_xlpm.platform2,LOWER(TRIM(Sheet2!$B$2:$B$1000)),_xlfn.XLOOKUP(_xlpm.name1&"|"&_xlpm.platform1,_xlpm.name2&"|"&_xlpm.platform2,Sheet2!$C$2:$C$1000,""))} -> Critical | D13: Release12_1 | E13: PASSED | F13: Automated
... A829: PAYMENTS_RECIPIENT_TEMPLATE DETAILS_[MOB_ANDROID | B829: Android | C829: {=_xlfn.LET(_xlpm.name1,LOWER(TRIM(SUBSTITUTE(A829,"_"," "))),_xlpm.platform1,LOWER(TRIM(B829)),_xlpm.name2,LOWER(TRIM(SUBSTITUTE(_xlfn.TEXTBEFORE(Sheet2!$A$2:$A$1000,"["),"_"," "))),_xlpm.platform2,LOWER(TRIM(Sheet2!$B$2:$B$1000)),_xlfn.XLOOKUP(_xlpm.name1&"|"&_xlpm.platform1,_xlpm.name2&"|"&_xlpm.platform2,Sheet2!$C$2:$C$1000,""))} | D829: Release 4 | E829: PASSED | F829: Not Automated
A830: PAYMENTS_RECIPIENT_SAVE TEMPLATES DURING PAYMENT PROCESS [Android] | C830: {=_xlfn.LET(_xlpm.name1,LOWER(TRIM(SUBSTITUTE(A830,"_"," "))),_xlpm.platform1,LOWER(TRIM(B830)),_xlpm.name2,LOWER(TRIM(SUBSTITUTE(_xlfn.TEXTBEFORE(Sheet2!$A$2:$A$1000,"["),"_"," "))),_xlpm.platform2,LOWER(TRIM(Sheet2!$B$2:$B$1000)),_xlfn.XLOOKUP(_xlpm.name1&"|"&_xlpm.platform1,_xlpm.name2&"|"&_xlpm.platform2,Sheet2!$C$2:$C$1000,""))} | D830: Release 4 | E830: PASSED | F830: Not Automated
A831: PAYMENTS_RECIPIENT_DELETE TEMPLATE_[WEB] | B831: WEB | C831: {=_xlfn.LET(_xlpm.name1,LOWER(TRIM(SUBSTITUTE(A831,"_"," "))),_xlpm.platform1,LOWER(TRIM(B831)),_xlpm.name2,LOWER(TRIM(SUBSTITUTE(_xlfn.TEXTBEFORE(Sheet2!$A$2:$A$1000,"["),"_"," "))),_xlpm.platform2,LOWER(TRIM(Sheet2!$B$2:$B$1000)),_xlfn.XLOOKUP(_xlpm.name1&"|"&_xlpm.platform1,_xlpm.name2&"|"&_xlpm.platform2,Sheet2!$C$2:$C$1000,""))} | D831: Release 4 | E831: PASSED | F831: Not Automated
A832: PAYMENTS_RECIPIENT_EDIT TEMPLATE_[WEB] | B832: WEB | C832: {=_xlfn.LET(_xlpm.name1,LOWER(TRIM(SUBSTITUTE(A832,"_"," "))),_xlpm.platform1,LOWER(TRIM(B832)),_xlpm.name2,LOWER(TRIM(SUBSTITUTE(_xlfn.TEXTBEFORE(Sheet2!$A$2:$A$1000,"["),"_"," "))),_xlpm.platform2,LOWER(TRIM(Sheet2!$B$2:$B$1000)),_xlfn.XLOOKUP(_xlpm.name1&"|"&_xlpm.platform1,_xlpm.name2&"|"&_xlpm.platform2,Sheet2!$C$2:$C$1000,""))} | D832: Release 4 | E832: PASSED | F832: Not Automated
A833: PAYMENTS_RECIPIENT_EDIT TEMPLATE - invalid_[WEB] | B833: WEB | C833: {=_xlfn.LET(_xlpm.name1,LOWER(TRIM(SUBSTITUTE(A833,"_"," "))),_xlpm.platform1,LOWER(TRIM(B833)),_xlpm.name2,LOWER(TRIM(SUBSTITUTE(_xlfn.TEXTBEFORE(Sheet2!$A$2:$A$1000,"["),"_"," "))),_xlpm.platform2,LOWER(TRIM(Sheet2!$B$2:$B$1000)),_xlfn.XLOOKUP(_xlpm.name1&"|"&_xlpm.platform1,_xlpm.name2&"|"&_xlpm.platform2,Sheet2!$C$2:$C$1000,""))} | D833: Release 4 | E833: PASSED | F833: Not Automated
A834: PAYMENTS_RECIPIENT_DELETE TEMPLATE_[MOB_ANDROID] | B834: Android | C834: {=_xlfn.LET(_xlpm.name1,LOWER(TRIM(SUBSTITUTE(A834,"_"," "))),_xlpm.platform1,LOWER(TRIM(B834)),_xlpm.name2,LOWER(TRIM(SUBSTITUTE(_xlfn.TEXTBEFORE(Sheet2!$A$2:$A$1000,"["),"_"," "))),_xlpm.platform2,LOWER(TRIM(Sheet2!$B$2:$B$1000)),_xlfn.XLOOKUP(_xlpm.name1&"|"&_xlpm.platform1,_xlpm.name2&"|"&_xlpm.platform2,Sheet2!$C$2:$C$1000,""))} | D834: Release 4 | E834: PASSED | F834: Not Automated
A835: PAYMENTS_RECIPIENT_EDIT TEMPLATE_[MOB_ANDROID] | B835: Android | C835: {=_xlfn.LET(_xlpm.name1,LOWER(TRIM(SUBSTITUTE(A835,"_"," "))),_xlpm.platform1,LOWER(TRIM(B835)),_xlpm.name2,LOWER(TRIM(SUBSTITUTE(_xlfn.TEXTBEFORE(Sheet2!$A$2:$A$1000,"["),"_"," "))),_xlpm.platform2,LOWER(TRIM(Sheet2!$B$2:$B$1000)),_xlfn.XLOOKUP(_xlpm.name1&"|"&_xlpm.platform1,_xlpm.name2&"|"&_xlpm.platform2,Sheet2!$C$2:$C$1000,""))} | D835: Release 4 | E835: PASSED | F835: Not Automated
A836: PAYMENTS_RECIPIENT_EDIT TEMPLATE - invalid_[MOB_ANDROID] | B836: Android | C836: {=_xlfn.LET(_xlpm.name1,LOWER(TRIM(SUBSTITUTE(A836,"_"," "))),_xlpm.platform1,LOWER(TRIM(B836)),_xlpm.name2,LOWER(TRIM(SUBSTITUTE(_xlfn.TEXTBEFORE(Sheet2!$A$2:$A$1000,"["),"_"," "))),_xlpm.platform2,LOWER(TRIM(Sheet2!$B$2:$B$1000)),_xlfn.XLOOKUP(_xlpm.name1&"|"&_xlpm.platform1,_xlpm.name2&"|"&_xlpm.platform2,Sheet2!$C$2:$C$1000,""))} | D836: Release 4 | E836: PASSED | F836: Not Automated
A837: PAYMENTS_RECIPIENT_DELETE TEMPLATE_[MOB_IOS] | B837: iOS | C837: {=_xlfn.LET(_xlpm.name1,LOWER(TRIM(SUBSTITUTE(A837,"_"," "))),_xlpm.platform1,LOWER(TRIM(B837)),_xlpm.name2,LOWER(TRIM(SUBSTITUTE(_xlfn.TEXTBEFORE(Sheet2!$A$2:$A$1000,"["),"_"," "))),_xlpm.platform2,LOWER(TRIM(Sheet2!$B$2:$B$1000)),_xlfn.XLOOKUP(_xlpm.name1&"|"&_xlpm.platform1,_xlpm.name2&"|"&_xlpm.platform2,Sheet2!$C$2:$C$1000,""))} | D837: Release 4 | E837: PASSED | F837: Not Automated
A838: PAYMENTS_RECIPIENT_EDIT TEMPLATE_[MOB_IOS] | B838: iOS | C838: {=_xlfn.LET(_xlpm.name1,LOWER(TRIM(SUBSTITUTE(A838,"_"," "))),_xlpm.platform1,LOWER(TRIM(B838)),_xlpm.name2,LOWER(TRIM(SUBSTITUTE(_xlfn.TEXTBEFORE(Sheet2!$A$2:$A$1000,"["),"_"," "))),_xlpm.platform2,LOWER(TRIM(Sheet2!$B$2:$B$1000)),_xlfn.XLOOKUP(_xlpm.name1&"|"&_xlpm.platform1,_xlpm.name2&"|"&_xlpm.platform2,Sheet2!$C$2:$C$1000,""))} | D838: Release 4 | E838: PASSED | F838: Not Automated
A839: PAYMENTS_RECIPIENT_EDIT TEMPLATE - invalid_[MOB_IOS] | B839: iOS | C839: {=_xlfn.LET(_xlpm.name1,LOWER(TRIM(SUBSTITUTE(A839,"_"," "))),_xlpm.platform1,LOWER(TRIM(B839)),_xlpm.name2,LOWER(TRIM(SUBSTITUTE(_xlfn.TEXTBEFORE(Sheet2!$A$2:$A$1000,"["),"_"," "))),_xlpm.platform2,LOWER(TRIM(Sheet2!$B$2:$B$1000)),_xlfn.XLOOKUP(_xlpm.name1&"|"&_xlpm.platform1,_xlpm.name2&"|"&_xlpm.platform2,Sheet2!$C$2:$C$1000,""))} | D839: Release 4 | E839: PASSED | F839: Not Automated

Sheet Sheet2
A1: Title | B1: Platform | C1: Priority | D1: Release | E1: Status
A2: Product_Summary_Sorting on the Product Summary_[WEB] | B2: =_xlfn.TEXTBEFORE(_xlfn.TEXTAFTER(A2,"["),"]") -> WEB | C2: Sanity | D2: Release 1 | E2: Failed - Old bug
A3: Product_Summary_Sorting on the Product Summary_[ANDROID] | B3: =_xlfn.TEXTBEFORE(_xlfn.TEXTAFTER(A3,"["),"]") -> ANDROID | C3: Sanity | D3: Release 1 | E3: Failed - Old bug
A4: Product_Summary_Sorting on the Product Summary_[iOS] | B4: =_xlfn.TEXTBEFORE(_xlfn.TEXTAFTER(A4,"["),"]") -> iOS | C4: Sanity | D4: Release 1 | E4: Failed - Old bug
A5: CURRENT DOMESTIC ACCOUNTS - DETAILS - FINANCIAL DETAILS_[WEB] | B5: =_xlfn.TEXTBEFORE(_xlfn.TEXTAFTER(A5,"["),"]") -> WEB | C5: Sanity | D5: Release 1 | E5: Failed - New bug
A6: CURRENT DOMESTIC ACCOUNTS - DETAILS - ACCOUNT DETAILS_[WEB] | B6: =_xlfn.TEXTBEFORE(_xlfn.TEXTAFTER(A6,"["),"]") -> WEB | C6: Sanity | D6: Release 1 | E6: Failed - New bug
A7: CURRENT DOMESTIC ACCOUNTS - DETAILS - FINANCIAL DETAILS_[Android] | B7: =_xlfn.TEXTBEFORE(_xlfn.TEXTAFTER(A7,"["),"]") -> Android | C7: Sanity | D7: Release 1 | E7: Failed - Old bug
A8: CURRENT DOMESTIC ACCOUNTS - DETAILS - ACCOUNT DETAILS_[Android] | B8: =_xlfn.TEXTBEFORE(_xlfn.TEXTAFTER(A8,"["),"]") -> Android | C8: Sanity | D8: Release 1 | E8: Blocked by bug
A9: CURRENT DOMESTIC ACCOUNTS - DETAILS - FINANCIAL DETAILS_[iOS] | B9: =_xlfn.TEXTBEFORE(_xlfn.TEXTAFTER(A9,"["),"]") -> iOS | C9: Sanity | D9: Release 1 | E9: Passed
A10: CURRENT DOMESTIC ACCOUNTS - DETAILS - ACCOUNT DETAILS_[iOS] | B10: =_xlfn.TEXTBEFORE(_xlfn.TEXTAFTER(A10,"["),"]") -> iOS | C10: Sanity | D10: Release 1 | E10: Passed
A11: SAVINGS ACCOUNTS - DETAILS - FINANCIAL DETAILS_[WEB] | B11: =_xlfn.TEXTBEFORE(_xlfn.TEXTAFTER(A11,"["),"]") -> WEB | C11: Sanity | D11: Release 1 | E11: Passed
A12: SAVINGS ACCOUNTS - DETAILS - ACCOUNT DETAILS_[WEB] | B12: =_xlfn.TEXTBEFORE(_xlfn.TEXTAFTER(A12,"["),"]") -> WEB | C12: Sanity | D12: Release 1 | E12: Passed
A13: SAVINGS ACCOUNTS - DETAILS - FINANCIAL DETAILS_[Android] | B13: =_xlfn.TEXTBEFORE(_xlfn.TEXTAFTER(A13,"["),"]") -> Android | C13: Sanity | D13: Release 1 | E13: Passed
... A41: AUTHENTICATION- TOKEN ACTIVATION -Activate Token_GET NEW ACTIVATION CODES_ [iOS] | B41: =_xlfn.TEXTBEFORE(_xlfn.TEXTAFTER(A41,"["),"]") -> iOS | C41: Sanity | D41: Release 2 | E41: Conditionally Passed
A42: SELF SERVICE_ENABLE BIOMETRICS_[Android] | B42: =_xlfn.TEXTBEFORE(_xlfn.TEXTAFTER(A42,"["),"]") -> Android | C42: Sanity | E42: Passed
A43: SELF SERVICE_DISABLE BIOMETRICS_[Android] | B43: =_xlfn.TEXTBEFORE(_xlfn.TEXTAFTER(A43,"["),"]") -> Android | C43: Sanity | E43: Passed
A44: SELF SERVICE_ENABLE BIOMETRICS_[iOS] | B44: =_xlfn.TEXTBEFORE(_xlfn.TEXTAFTER(A44,"["),"]") -> iOS | C44: Sanity | E44: Passed
A45: SELF SERVICE_DISABLE BIOMETRICS_[iOS] | B45: =_xlfn.TEXTBEFORE(_xlfn.TEXTAFTER(A45,"["),"]") -> iOS | C45: Sanity | E45: Passed
A46: PAYMENTS - OWN ACCOUNT TRANSFER_FROM CURRENT ACCOUNT RSD[WEB] | B46: =_xlfn.TEXTBEFORE(_xlfn.TEXTAFTER(A46,"["),"]") -> WEB | C46: Sanity | D46: Release 2 | E46: Failed - New bug
A47: PAYMENTS - OWN ACCOUNT TRANSFER_FROM CURRENT ACCOUNT RSD TO CURRENT ACCOUNT RSD [WEB] | B47: =_xlfn.TEXTBEFORE(_xlfn.TEXTAFTER(A47,"["),"]") -> WEB | C47: Sanity | D47: Release 2 | E47: Conditionally Passed
A48: PAYMENTS - OWN ACCOUNT TRANSFER_FROM CURRENT ACCOUNT RSD [ANDROID] | B48: =_xlfn.TEXTBEFORE(_xlfn.TEXTAFTER(A48,"["),"]") -> ANDROID | C48: Sanity | D48: Release 2 | E48: Failed - New bug
A49: PAYMENTS - OWN ACCOUNT TRANSFER_FROM CURRENT ACCOUNT RSD TO CURRENT ACCOUNT RSD [ANDROID] | B49: =_xlfn.TEXTBEFORE(_xlfn.TEXTAFTER(A49,"["),"]") -> ANDROID | C49: Sanity | D49: Release 2 | E49: Failed - New bug
A50: PAYMENTS - OWN ACCOUNT TRANSFER_FROM CURRENT ACCOUNT RSD [IOS] | B50: =_xlfn.TEXTBEFORE(_xlfn.TEXTAFTER(A50,"["),"]") -> IOS | C50: Sanity | D50: Release 2 | E50: Failed - New bug
A51: PAYMENTS - OWN ACCOUNT TRANSFER_FROM CURRENT ACCOUNT RSD TO CURRENT ACCOUNT RSD [IOS] | B51: =_xlfn.TEXTBEFORE(_xlfn.TEXTAFTER(A51,"["),"]") -> IOS | C51: Sanity | D51: Release 2 | E51: Passed
A52: PAYMENTS - DOMESTIC PAYMENTS_[WEB] | B52: =_xlfn.TEXTBEFORE(_xlfn.TEXTAFTER(A52,"["),"]") -> WEB | C52: Sanity | D52: Release 2 | E52: Conditionally Passed
A53: PAYMENTS - DOMESTIC PAYMENTS_[Android] | B53: =_xlfn.TEXTBEFORE(_xlfn.TEXTAFTER(A53,"["),"]") -> Android | C53: Sanity | D53: Release 2 | E53: Passed
A54: PAYMENTS - DOMESTIC PAYMENTS_[iOS] | B54: =_xlfn.TEXTBEFORE(_xlfn.TEXTAFTER(A54,"["),"]") -> iOS | C54: Sanity | D54: Release 2 | E54: Passed
A55: PAYMENTS-SCAN AND PAY_SUCCESSFUL PAYMENT VIA THE SCAN AND PAY OPTION_[iOS] | B55: =_xlfn.TEXTBEFORE(_xlfn.TEXTAFTER(A55,"["),"]") -> iOS | C55: Sanity | D55: Release 2 | E55: Passed
A56: PAYMENTS_PAY FROM GALLERY_SUCCESSFUL PAYMENT VIA THE PAY FROM GALLERY OPTION_[iOS] | B56: =_xlfn.TEXTBEFORE(_xlfn.TEXTAFTER(A56,"["),"]") -> iOS | C56: Sanity | D56: Release 2 | E56: Passed
A57: PAYMENTS_SCAN AND PAY_SUCCESSFUL PAYMENT VIA THE SCAN AND PAY OPTION_[Android] | B57: =_xlfn.TEXTBEFORE(_xlfn.TEXTAFTER(A57,"["),"]") -> Android | C57: Sanity | D57: Release 2 | E57: Passed
... A64: CURRENT FOREIGN/SAVINGS ACCOUNTS - TRANSACTIONS - DETAILS_[iOS] | B64: =_xlfn.TEXTBEFORE(_xlfn.TEXTAFTER(A64,"["),"]") -> iOS | C64: Sanity | D64: Release 1 | E64: Blocked by bug
A65: CURRENT DOMESTIC ACCOUNTS - TRANSACTIONS - DETAILS_[WEB] | B65: =_xlfn.TEXTBEFORE(_xlfn.TEXTAFTER(A65,"["),"]") -> WEB | C65: Sanity | E65: Failed - New bug
A66: CURRENT DOMESTIC ACCOUNTS - TRANSACTIONS - DETAILS_[Android] | B66: =_xlfn.TEXTBEFORE(_xlfn.TEXTAFTER(A66,"["),"]") -> Android | C66: Sanity | E66: Blocked by bug
A67: CURRENT DOMESTIC ACCOUNTS - TRANSACTIONS - DETAILS_[iOS] | B67: =_xlfn.TEXTBEFORE(_xlfn.TEXTAFTER(A67,"["),"]") -> iOS | C67: Sanity | E67: Blocked by bug
A68: CARDS- TRANSACTIONS - DETAILS_[iOS] | B68: =_xlfn.TEXTBEFORE(_xlfn.TEXTAFTER(A68,"["),"]") -> iOS | C68: Sanity | D68: Release 2 | E68: Passed
A69: CARDS- TRANSACTIONS - DETAILS_[WEB] | B69: =_xlfn.TEXTBEFORE(_xlfn.TEXTAFTER(A69,"["),"]") -> WEB | C69: Sanity | D69: Release 2 | E69: Passed
A70: CARDS- TRANSACTIONS - DETAILS_[Android] | B70: =_xlfn.TEXTBEFORE(_xlfn.TEXTAFTER(A70,"["),"]") -> Android | C70: Sanity | D70: Release 2 | E70: Passed
A71: CURRENT DOMESTIC ACCOUNTS - DETAILS_[Android] | B71: =_xlfn.TEXTBEFORE(_xlfn.TEXTAFTER(A71,"["),"]") -> Android | C71: Critical | D71: Release 1 | E71: Failed - New bug
A72: CURRENT DOMESTIC ACCOUNTS - DETAILS_[iOS] | B72: =_xlfn.TEXTBEFORE(_xlfn.TEXTAFTER(A72,"["),"]") -> iOS | C72: Critical | D72: Release 1 | E72: Passed
A73: SAVINGS ACCOUNTS - TRANSACTIONS - LIST_[WEB] | B73: =_xlfn.TEXTBEFORE(_xlfn.TEXTAFTER(A73,"["),"]") -> WEB | C73: Critical | D73: Release 1 | E73: Conditionally Passed
A74: SAVINGS ACCOUNTS - TRANSACTIONS - LIST_SELECT CURRENCY [WEB] | B74: =_xlfn.TEXTBEFORE(_xlfn.TEXTAFTER(A74,"["),"]") -> WEB | C74: Critical | D74: Release 1 | E74: Out of Scope
A75: SAVINGS ACCOUNTS - TRANSACTIONS - LIST_[Android] | B75: =_xlfn.TEXTBEFORE(_xlfn.TEXTAFTER(A75,"["),"]") -> Android | C75: Critical | D75: Release 1 | E75: Conditionally Passed
A76: SAVINGS ACCOUNTS - TRANSACTIONS - LIST_SELECT CURRENCY [Android] | B76: =_xlfn.TEXTBEFORE(_xlfn.TEXTAFTER(A76,"["),"]") -> Android | C76: Critical | D76: Release 1 | E76: Out of Scope
A77: SAVINGS ACCOUNTS - TRANSACTIONS - LIST_[iOS] | B77: =_xlfn.TEXTBEFORE(_xlfn.TEXTAFTER(A77,"["),"]") -> iOS | C77: Critical | D77: Release 1 | E77: Conditionally Passed
A78: SAVINGS ACCOUNTS - TRANSACTIONS - LIST_SELECT CURRENCY [iOS] | B78: =_xlfn.TEXTBEFORE(_xlfn.TEXTAFTER(A78,"["),"]") -> iOS | C78: Critical | D78: Release 1 | E78: Out of Scope
A79: TERM DEPOSITS ACCOUNTS - DETAILS - FINANCIAL DETAILS_[WEB] | B79: =_xlfn.TEXTBEFORE(_xlfn.TEXTAFTER(A79,"["),"]") -> WEB | C79: Critical | D79: Release 1 | E79: Passed
... A104: CURRENT FOREIGN/SAVINGS ACCOUNTS - TRANSACTIONS - OVERVIEW BY DIFFERENT CURRENCIES_[iOS] | B104: =_xlfn.TEXTBEFORE(_xlfn.TEXTAFTER(A104,"["),"]") -> iOS | C104: Critical | D104: Release 1 | E104: Passed
A105: CURRENT DOMESTIC ACCOUNTS - TRANSACTIONS - LIST_[WEB] | B105: =_xlfn.TEXTBEFORE(_xlfn.TEXTAFTER(A105,"["),"]") -> WEB | C105: Critical | E105: Passed
A106: CURRENT DOMESTIC ACCOUNTS - TRANSACTIONS - LIST_[Android] | B106: =_xlfn.TEXTBEFORE(_xlfn.TEXTAFTER(A106,"["),"]") -> Android | C106: Critical | D106: Release 1 | E106: Passed
A107: CURRENT DOMESTIC ACCOUNTS - TRANSACTIONS - LIST_[iOS] | B107: =_xlfn.TEXTBEFORE(_xlfn.TEXTAFTER(A107,"["),"]") -> iOS | C107: Critical | D107: Release 1 | E107: Passed
A108: Product Summary - Current Foreign Accounts List_[WEB] | B108: =_xlfn.TEXTBEFORE(_xlfn.TEXTAFTER(A108,"["),"]") -> WEB | C108: High | D108: Release 1 | E108: Passed
A109: Product Summary - Current Domestic Accounts List_[WEB] | B109: =_xlfn.TEXTBEFORE(_xlfn.TEXTAFTER(A109,"["),"]") -> WEB | C109: High | D109: Release 1 | E109: Passed
A110: Product Summary - Current Foreign Accounts List_[Android] | B110: =_xlfn.TEXTBEFORE(_xlfn.TEXTAFTER(A110,"["),"]") -> Android | C110: High | D110: Release 1 | E110: Passed
A111: Product Summary - Current Domestic Accounts List_[Android] | B111: =_xlfn.TEXTBEFORE(_xlfn.TEXTAFTER(A111,"["),"]") -> Android | C111: High | D111: Release 1 | E111: Passed
A112: Product Summary - Current Foreign Accounts List_[iOS] | B112: =_xlfn.TEXTBEFORE(_xlfn.TEXTAFTER(A112,"["),"]") -> iOS | C112: High | D112: Release 1 | E112: Passed
A113: Product Summary - Current Domestic Accounts List_[iOS] | B113: =_xlfn.TEXTBEFORE(_xlfn.TEXTAFTER(A113,"["),"]") -> iOS | C113: High | D113: Release 1 | E113: Passed
A114: Product Summary - Loan List_[WEB] | B114: =_xlfn.TEXTBEFORE(_xlfn.TEXTAFTER(A114,"["),"]") -> WEB | C114: High | D114: Release 1 | E114: Blocked by bug
A115: Product Summary - Loan List_[iOS] | B115: =_xlfn.TEXTBEFORE(_xlfn.TEXTAFTER(A115,"["),"]") -> iOS | C115: High | D115: Release 1 | E115: Blocked by bug
A116: Product Summary - Loan List_[Android] | B116: =_xlfn.TEXTBEFORE(_xlfn.TEXTAFTER(A116,"["),"]") -> Android | C116: High | D116: Release 1 | E116: Blocked by bug
A117: Product_Summary - Hide/Show product on Product List_[WEB] | B117: =_xlfn.TEXTBEFORE(_xlfn.TEXTAFTER(A117,"["),"]") -> WEB | C117: High | D117: Release 1 | E117: Passed
... A236: CURRENT FOREIGN/SAVINGS ACCOUNTS - TRANSACTIONS - DOWNLOAD OPTION_[WEB] | B236: =_xlfn.TEXTBEFORE(_xlfn.TEXTAFTER(A236,"["),"]") -> WEB | C236: High | D236: Release 1 | E236: Conditionally Passed
A237: CURRENT DOMESTIC ACCOUNTS - TRANSACTIONS - DOWNLOAD OPTION_[WEB] | B237: =_xlfn.TEXTBEFORE(_xlfn.TEXTAFTER(A237,"["),"]") -> WEB | C237: High | E237: Conditionally Passed
A238: CARDS - TRANSACTIONS LIST_[iOS] | B238: =_xlfn.TEXTBEFORE(_xlfn.TEXTAFTER(A238,"["),"]") -> iOS | C238: High | D238: Release 2 | E238: Failed - New bug
A239: CARDS - TRANSACTIONS LIST_[iOS] - Filter | B239: =_xlfn.TEXTBEFORE(_xlfn.TEXTAFTER(A239,"["),"]") -> iOS | C239: High | D239: Release 2 | E239: Blocked by bug
A240: CARDS - TRANSACTIONS LIST_[iOS] - Filter - Invalid | B240: =_xlfn.TEXTBEFORE(_xlfn.TEXTAFTER(A240,"["),"]") -> iOS | C240: High | D240: Release 2 | E240: Passed
A241: CARDS - TRANSACTIONS LIST_[iOS] - Search | B241: =_xlfn.TEXTBEFORE(_xlfn.TEXTAFTER(A241,"["),"]") -> iOS | C241: High | D241: Release 2 | E241: Passed
A242: CARDS - TRANSACTIONS LIST_[iOS] - Search - Invalid | B242: =_xlfn.TEXTBEFORE(_xlfn.TEXTAFTER(A242,"["),"]") -> iOS | C242: High | D242: Release 2 | E242: Passed
A243: CARDS - TRANSACTIONS LIST_[iOS] - Sort | B243: =_xlfn.TEXTBEFORE(_xlfn.TEXTAFTER(A243,"["),"]") -> iOS | C243: High | D243: Release 2 | E243: Passed
A244: CARDS - TRANSACTIONS LIST_[WEB] | B244: =_xlfn.TEXTBEFORE(_xlfn.TEXTAFTER(A244,"["),"]") -> WEB | C244: High | D244: Release 2 | E244: Failed - New bug
A245: CARDS - TRANSACTIONS LIST_[WEB] - Filter | B245: =_xlfn.TEXTBEFORE(_xlfn.TEXTAFTER(A245,"["),"]") -> WEB | C245: High | D245: Release 2 | E245: Failed - New bug
A246: CARDS - TRANSACTIONS LIST_[WEB] - Filter - Invalid | B246: =_xlfn.TEXTBEFORE(_xlfn.TEXTAFTER(A246,"["),"]") -> WEB | C246: High | D246: Release 2 | E246: Passed
A247: CARDS - TRANSACTIONS LIST_[WEB] - Search | B247: =_xlfn.TEXTBEFORE(_xlfn.TEXTAFTER(A247,"["),"]") -> WEB | C247: High | D247: Release 2 | E247: Passed
A248: CARDS - TRANSACTIONS LIST_[WEB] - Search - Invalid | B248: =_xlfn.TEXTBEFORE(_xlfn.TEXTAFTER(A248,"["),"]") -> WEB | C248: High | D248: Release 2 | E248: Passed
A249: CARDS - TRANSACTIONS LIST_[WEB] - Sort | B249: =_xlfn.TEXTBEFORE(_xlfn.TEXTAFTER(A249,"["),"]") -> WEB | C249: High | D249: Release 2 | E249: Passed
... A373: PAYMENTS_SCAN AND PAY_ PAYMENT VIA THE SCAN AND PAY OPTION - invalid_[Android] | B373: =_xlfn.TEXTBEFORE(_xlfn.TEXTAFTER(A373,"["),"]") -> Android | C373: Medium | D373: Release 2 | E373: Passed
A374: PAYMENTS_SCAN AND PAY_DOMESTIC PAYMENT PAGE_[Android] | B374: =_xlfn.TEXTBEFORE(_xlfn.TEXTAFTER(A374,"["),"]") -> Android | C374: Medium | E374: Passed
A375: PAYMENTS_PAYMENTS ARHIVE_SEARCH PAYMENTS _[WEB] | B375: =_xlfn.TEXTBEFORE(_xlfn.TEXTAFTER(A375,"["),"]") -> WEB | C375: Medium | D375: Release 2 | E375: Blocked - No test data
A376: PAYMENTS_PAYMENTS ARHIVE_FILTER PAYMENTS BY DATE_[WEB] | B376: =_xlfn.TEXTBEFORE(_xlfn.TEXTAFTER(A376,"["),"]") -> WEB | C376: Medium | D376: Release 2 | E376: Passed
A377: PAYMENTS_PAYMENTS ARHIVE_FILTER PAYMENTS BY AMOUNT_[WEB] | B377: =_xlfn.TEXTBEFORE(_xlfn.TEXTAFTER(A377,"["),"]") -> WEB | C377: Medium | D377: Release 2 | E377: Passed
A378: PAYMENTS_PAYMENTS ARHIVE_FILTER PAYMENTS BY STATUS_[WEB] | B378: =_xlfn.TEXTBEFORE(_xlfn.TEXTAFTER(A378,"["),"]") -> WEB | C378: Medium | D378: Release 2 | E378: Passed
A379: CURRENT FOREIGN/SAVINGS ACCOUNTS - TRANSACTIONS - FILTER BY DATE - PREDEFINED DATE RANGE_[WEB] | B379: =_xlfn.TEXTBEFORE(_xlfn.TEXTAFTER(A379,"["),"]") -> WEB | C379: Medium | D379: Release 1 | E379: Conditionally Passed
A380: PAYMENTS_PAYMENTS ARHIVE_SEARCH PAYMENTS _[ANDROID] | B380: =_xlfn.TEXTBEFORE(_xlfn.TEXTAFTER(A380,"["),"]") -> ANDROID | C380: Medium | D380: Release 2 | E380: Blocked - No test data
A381: PAYMENTS_PAYMENTS ARHIVE_FILTER PAYMENTS BY DATE_[ANDROID] | B381: =_xlfn.TEXTBEFORE(_xlfn.TEXTAFTER(A381,"["),"]") -> ANDROID | C381: Medium | D381: Release 2 | E381: Passed
A382: PAYMENTS_PAYMENTS ARHIVE_FILTER PAYMENTS BY AMOUNT_[ANDROID] | B382: =_xlfn.TEXTBEFORE(_xlfn.TEXTAFTER(A382,"["),"]") -> ANDROID | C382: Medium | D382: Release 2 | E382: Passed
A383: PAYMENTS_PAYMENTS ARHIVE_FILTER PAYMENTS BY STATUS_[ANDROID] | B383: =_xlfn.TEXTBEFORE(_xlfn.TEXTAFTER(A383,"["),"]") -> ANDROID | C383: Medium | D383: Release 2 | E383: Conditionally Passed
A384: PAYMENTS_PAYMENTS ARHIVE_SEARCH PAYMENTS _[IOS] | B384: =_xlfn.TEXTBEFORE(_xlfn.TEXTAFTER(A384,"["),"]") -> IOS | C384: Medium | D384: Release 2 | E384: Blocked - No test data
A385: PAYMENTS_PAYMENTS ARHIVE_FILTER PAYMENTS BY DATE_[IOS] | B385: =_xlfn.TEXTBEFORE(_xlfn.TEXTAFTER(A385,"["),"]") -> IOS | C385: Medium | D385: Release 2 | E385: Passed
A386: PAYMENTS_PAYMENTS ARHIVE_FILTER PAYMENTS BY AMOUNT_[IOS] | B386: =_xlfn.TEXTBEFORE(_xlfn.TEXTAFTER(A386,"["),"]") -> IOS | C386: Medium | D386: Release 2 | E386: Passed
A387: PAYMENTS_PAYMENTS ARHIVE_FILTER PAYMENTS BY STATUS_[IOS] | B387: =_xlfn.TEXTBEFORE(_xlfn.TEXTAFTER(A387,"["),"]") -> IOS | C387: Medium | D387: Release 2 | E387: Passed
A388: Authentication - Web Login - Forgot Credentials | B388: =_xlfn.TEXTBEFORE(_xlfn.TEXTAFTER(A388,"["),"]") -> #N/A | C388: Medium | E388: Passed
A389: CURRENT FOREIGN/SAVINGS ACCOUNTS - TRANSACTIONS - FILTER BY DATE - DATE PICKER_[WEB] | B389: =_xlfn.TEXTBEFORE(_xlfn.TEXTAFTER(A389,"["),"]") -> WEB | C389: Medium | D389: Release 1 | E389: Blocked by bug
A390: CURRENT FOREIGN/SAVINGS ACCOUNTS - TRANSACTIONS - FILTER BY TYPE_[WEB] | B390: =_xlfn.TEXTBEFORE(_xlfn.TEXTAFTER(A390,"["),"]") -> WEB | C390: Medium | D390: Release 1 | E390: Passed
A391: CURRENT FOREIGN/SAVINGS ACCOUNTS - TRANSACTIONS - FILTER BY AMOUNT_[WEB] | B391: =_xlfn.TEXTBEFORE(_xlfn.TEXTAFTER(A391,"["),"]") -> WEB | C391: Medium | D391: Release 1 | E391: Passed
A392: CURRENT FOREIGN/SAVINGS ACCOUNTS - TRANSACTIONS - FILTER - DATE PICKER - INVALID_[WEB] | B392: =_xlfn.TEXTBEFORE(_xlfn.TEXTAFTER(A392,"["),"]") -> WEB | C392: Medium | D392: Release 1 | E392: Blocked by bug
A393: CURRENT FOREIGN/SAVINGS ACCOUNTS - TRANSACTIONS - FILTER - MULTIPLE FILTER- INVALID_[WEB] | B393: =_xlfn.TEXTBEFORE(_xlfn.TEXTAFTER(A393,"["),"]") -> WEB | C393: Medium | D393: Release 1 | E393: Blocked by bug
A394: CURRENT FOREIGN/SAVINGS ACCOUNTS - TRANSACTIONS - SEARCH_[WEB] | B394: =_xlfn.TEXTBEFORE(_xlfn.TEXTAFTER(A394,"["),"]") -> WEB | C394: Medium | D394: Release 1 | E394: Passed
A395: CURRENT FOREIGN/SAVINGS ACCOUNTS - TRANSACTIONS - DETAILS - COMPLAINT_[WEB] | B395: =_xlfn.TEXTBEFORE(_xlfn.TEXTAFTER(A395,"["),"]") -> WEB | C395: Medium | D395: Release 1 | E395: Out of Scope
A396: CURRENT FOREIGN/SAVINGS ACCOUNTS - TRANSACTIONS - FILTER BY DATE (options) _[Android] | B396: =_xlfn.TEXTBEFORE(_xlfn.TEXTAFTER(A396,"["),"]") -> Android | C396: Medium | D396: Release 1 | E396: Blocked by bug
A397: CURRENT FOREIGN/SAVINGS ACCOUNTS -TRANSACTIONS - FILTER BY DATE (custom date range) _[Android] | B397: =_xlfn.TEXTBEFORE(_xlfn.TEXTAFTER(A397,"["),"]") -> Android | C397: Medium | D397: Release 1 | E397: Blocked by bug
A398: CURRENT FOREIGN/SAVINGS ACCOUNTS- TRANSACTIONS - FILTER BY TYPE_[Android] | B398: =_xlfn.TEXTBEFORE(_xlfn.TEXTAFTER(A398,"["),"]") -> Android | C398: Medium | D398: Release 1 | E398: Conditionally Passed
...
